"STATION","DATE","PRCP","SNOW","SNWD","TAVG","TMAX","TMIN","WESD","WT01","WT02","WT03","WT04","WT06","WT08","WT09"
"USW00014768","2022-08-21","0.08","0.0","0.0","73","85","65",,"    1",,"    1",,,,
"USW00014768","2022-08-22","1.09","0.0","0.0","70","79","66",,"    1",,"    1",,,,
"USW00014768","2022-08-23","0.43","0.0","0.0","71","81","66",,"    1",,,,,,
"USW00014768","2022-08-24","0.00","0.0","0.0","72","84","60",,,,,,,,
"USW00014768","2022-08-25","0.44","0.0","0.0","72","81","62",,"    1",,"    1",,,,
"USW00014768","2022-08-26","0.57","0.0","0.0","71","81","64",,"    1",,"    1",,,,
"USW00014768","2022-08-27","0.00","0.0","0.0","67","74","59",,,,,,,,
"USW00014768","2022-08-28","0.00","0.0","0.0","69","88","56",,,,,,,,
"USW00014768","2022-08-29","0.00","0.0","0.0","77","92","67",,,,,,,,
"USW00014768","2022-08-30","0.50","0.0","0.0","72","75","66",,"    1",,,,,,
"USW00014768","2022-08-31","0.00","0.0","0.0","69","78","59",,,,,,,,
"USW00014768","2022-09-01","0.00","0.0","0.0","66","71","55",,,,,,,,
"USW00014768","2022-09-02","0.00","0.0","0.0","65","82","54",,,,,,,,
"USW00014768","2022-09-03","0.00","0.0","0.0","72","85","60",,,,,,,,
"USW00014768","2022-09-04","0.02","0.0","0.0","67","69","63",,"    1",,,,,,
"USW00014768","2022-09-05","0.39","0.0","0.0","64","68","63",,"    1",,,,,,
"USW00014768","2022-09-06","0.16","0.0","0.0","64","66","63",,"    1",,,,,,
"USW00014768","2022-09-07","0.00","0.0","0.0","67","73","62",,"    1",,,,,,
"USW00014768","2022-09-08","0.00","0.0","0.0","68","77","59",,"    1",,,,,,
"USW00014768","2022-09-09","0.00","0.0","0.0","67","82","57",,"    1","    1",,,,,
"USW00014768","2022-09-10","0.00","0.0","0.0","70","81","59",,,,,,,,
"USW00014768","2022-09-11","0.04","0.0","0.0","67","69","63",,,,,,,,
"USW00014768","2022-09-12","0.43","0.0","0.0","69","77","63",,"    1",,"    1",,,,
"USW00014768","2022-09-13","0.34","0.0","0.0","65","73","55",,"    1",,"    1",,,,
"USW00014768","2022-09-14","0.00","0.0","0.0","63","75","54",,,,,,,,
"USW00014768","2022-09-15","0.00","0.0","0.0","59","64","48",,,,,,,,
"USW00014768","2022-09-16","0.00","0.0","0.0","54","65","45",,"    1",,,,,,
"USW00014768","2022-09-17","0.00","0.0","0.0","65","80","55",,,,,,,,
"USW00014768","2022-09-18","0.00","0.0","0.0","70","81","62",,,,,,,,
"USW00014768","2022-09-19","0.63","0.0","0.0","69","75","60",,"    1",,"    1",,,,
"USW00014768","2022-09-20","0.01","0.0","0.0","65","72","58",,"    1",,,,,,
"USW00014768","2022-09-21","0.00","0.0","0.0","66","80","55",,"    1",,"    1",,,,
"USW00014768","2022-09-22","0.01","0.0","0.0","63","71","48",,,,"    1",,,,
"USW00014768","2022-09-23","0.00","0.0","0.0","50","56","42",,,,,,,,
"USW00014768","2022-09-24","0.00","0.0","0.0","50","65","40",,,,,,,,
"USW00014768","2022-09-25","0.21","0.0","0.0","57","64","54",,"    1",,,,,,
"USW00014768","2022-09-26","0.22","0.0","0.0","56","64","51",,"    1",,,,,,
"USW00014768","2022-09-27","0.05","0.0","0.0","56","63","53",,"    1",,,,,,
"USW00014768","2022-09-28","0.24","0.0","0.0","54","56","51",,"    1",,,,,,
"USW00014768","2022-09-29","0.06","0.0","0.0","52","57","40",,"    1",,,,,,
"USW00014768","2022-09-30","0.00","0.0","0.0","47","61","37",,,,,,,,
"USW00014768","2022-10-01","0.00","0.0","0.0","52","62","44",,,,,,,,
"USW00014768","2022-10-02","0.00","0.0","0.0","54","57","46",,,,,,,,
"USW00014768","2022-10-03","0.00","0.0","0.0","46","56","33",,,,,,,,
"USW00014768","2022-10-04","0.00","0.0","0.0","48","62","39",,,,,,,,
"USW00014768","2022-10-05","0.00","0.0","0.0","51","70","37",,,,,,,,
"USW00014768","2022-10-06","0.00","0.0","0.0","57","71","47",,,,,,,,
"USW00014768","2022-10-07","0.03","0.0","0.0","55","58","42",,"    1",,,,,,
"USW00014768","2022-10-08","0.00","0.0","0.0","45","54","39",,,,,,,,
"USW00014768","2022-10-09","0.00","0.0","0.0","49","60","38",,,,,,,,
"USW00014768","2022-10-10","0.05","0.0","0.0","51","56","41",,"    1",,,,,,
"USW00014768","2022-10-11","0.00","0.0","0.0","52","73","39",,,,,,,,
"USW00014768","2022-10-12","0.00","0.0","0.0","58","70","47",,,,,,,,
"USW00014768","2022-10-13","0.60","0.0","0.0","59","64","48",,"    1",,,,,,
"USW00014768","2022-10-14","0.00","0.0","0.0","49","60","39",,,,,,,,
"USW00014768","2022-10-15","0.00","0.0","0.0","50","63","37",,,,,,,,
"USW00014768","2022-10-16","0.00","0.0","0.0","47","62","37",,,,,,,,
"USW00014768","2022-10-17","0.12","0.0","0.0","49","54","38",,"    1",,,,,,
"USW00014768","2022-10-18","0.00","0.0","0.0","43","50","39",,,,,,,,
"USW00014768","2022-10-19","0.26","0.0","0.0","40","46","32",,"    1",,,,,,
"USW00014768","2022-10-20","0.04","0.0","0.0","40","46","36",,"    1",,,,,,
"USW00014768","2022-10-21","0.00","0.0","0.0","47","65","31",,,,,,,,
"USW00014768","2022-10-22","0.00","0.0","0.0","59","73","45",,,,,,,,
"USW00014768","2022-10-23","0.00","0.0","0.0","55","71","41",,,,,,,,
"USW00014768","2022-10-24","0.00","0.0","0.0","55","72","43",,,,,,,,
"USW00014768","2022-10-25","0.00","0.0","0.0","60","76","47",,"    1",,,,,,
"USW00014768","2022-10-26","0.14","0.0","0.0","60","69","51",,"    1",,,,,,
"USW00014768","2022-10-27","0.00","0.0","0.0","48","51","33",,,,,,,,
"USW00014768","2022-10-28","0.00","0.0","0.0","39","53","30",,,,,,,,
"USW00014768","2022-10-29","0.00","0.0","0.0","45","65","33",,,,,,,,
"USW00014768","2022-10-30","0.00","0.0","0.0","46","68","30",,,,,,,,
"USW00014768","2022-10-31","0.01","0.0","0.0","49","61","37",,,,,,,,
"USW00014768","2022-11-01","0.00","0.0","0.0","58","62","47",,"    1",,,,,,
"USW00014768","2022-11-02","0.00","0.0","0.0","52","63","39",,"    1","    1",,,,"    1",
"USW00014768","2022-11-03","0.00","0.0","0.0","50","69","38",,"    1","    1",,,,,
"USW00014768","2022-11-04","0.00","0.0","0.0","56","73","41",,"    1",,,,,,
"USW00014768","2022-11-05","0.00","0.0","0.0","67","77","62",,,,,,,,
"USW00014768","2022-11-06","0.23","0.0","0.0","66","72","54",,"    1",,,,,,
"USW00014768","2022-11-07","0.00","0.0","0.0","55","60","40",,,,,,,,
"USW00014768","2022-11-08","0.00","0.0","0.0","42","46","30",,,,,,,,
"USW00014768","2022-11-09","0.00","0.0","0.0","41","64","28",,,,,,,,
"USW00014768","2022-11-10","0.00","0.0","0.0","57","71","50",,,,,,,,
"USW00014768","2022-11-11","1.69","0.0","0.0","59","61","53",,"    1",,,,,,
"USW00014768","2022-11-12","0.20","0.0","0.0","52","60","38",,"    1",,,,,,
"USW00014768","2022-11-13","0.07","0.2","0.0","38","39","32",,"    1",,,,,,
"USW00014768","2022-11-14","0.00","0.0","0.0","34","37","32",,,,,,,,
"USW00014768","2022-11-15","0.06","0.5","0.0","35","38","32",,"    1",,,,,,
"USW00014768","2022-11-16","0.08","0.5","0.0","35","44","31",,"    1",,,,,,
"USW00014768","2022-11-17","0.12","2.4","1.2","33","35","30",,"    1",,,,,,
"USW00014768","2022-11-18","0.05","0.5","1.2","30","34","27",,"    1",,,,,,"    1"
"USW00014768","2022-11-19","0.00","0.3","0.0","28","32","25",,"    1",,,,,,
"USW00014768","2022-11-20","0.00","0.1","0.0","26","28","20",,"    1",,,,,,"    1"
"USW00014768","2022-11-21","0.00","0.0","0.0","31","46","21",,,,,,,,
"USW00014768","2022-11-22","0.00","0.0","0.0","38","45","28",,,,,,,,
"USW00014768","2022-11-23","0.00","0.0","0.0","38","47","26",,"    1",,,,,,
"USW00014768","2022-11-24","0.00","0.0","0.0","37","55","25",,"    1",,,,,,
"USW00014768","2022-11-25","0.02","0.0","0.0","44","48","38",,,,,,,,
"USW00014768","2022-11-26","0.00","0.0","0.0","42","54","31",,,,,,,,
"USW00014768","2022-11-27","0.25","0.0","0.0","44","52","41",,"    1",,,,,,
"USW00014768","2022-11-28","0.03","0.0","0.0","39","41","34",,"    1",,,,,,
"USW00014768","2022-11-29","0.00","0.0","0.0","38","45","34",,,,,,,,
"USW00014768","2022-11-30","0.39","0.0","0.0","43","49","31",,"    1",,,,,,
"USW00014768","2022-12-01","0.00","0.0","0.0","32","36","25",,,,,,,,
"USW00014768","2022-12-02","0.00","0.0","0.0","33","46","27",,,,,,,,
"USW00014768","2022-12-03","0.12","0.0","0.0","45","53","35",,"    1",,,,,,
"USW00014768","2022-12-04","0.00","0.0","0.0","34","37","28",,,,,,,,
"USW00014768","2022-12-05","0.00","0.0","0.0","35","45","29",,,,,,,,
"USW00014768","2022-12-06","0.01","0.0","0.0","44","46","42",,"    1",,,,,,
"USW00014768","2022-12-07","0.00","0.0","0.0","45","47","43",,"    1",,,,,,
"USW00014768","2022-12-08","0.00","0.0","0.0","41","43","27",,"    1",,,,,,
"USW00014768","2022-12-09","0.02","0.3","0.0","32","34","28",,"    1",,,,,"    1",
"USW00014768","2022-12-10","0.00","0.0","0.0","29","37","22",,,,,,,,
"USW00014768","2022-12-11","0.16","0.4","0.0","33","37","30",,"    1",,,,,,
"USW00014768","2022-12-12","0.01","0.1","0.0","29","30","25",,"    1",,,,"    1",,
"USW00014768","2022-12-13","0.00","0.0","0.0","26","35","17",,,,,,,,
"USW00014768","2022-12-14","0.00","0.0","0.0","26","31","22",,,,,,,,
"USW00014768","2022-12-15","0.40","0.7","0.0","29","36","22",,"    1",,,"    1",,,
"USW00014768","2022-12-16","0.21","0.4","1.2","34","36","32",,"    1",,,,,,
"USW00014768","2022-12-17","0.00","0.1","0.0","32","34","28",,"    1",,,,,,
"USW00014768","2022-12-18","0.01","0.4","0.0","30","32","25",,"    1",,,,,,
"USW00014768","2022-12-19","0.01","0.3","0.0","30","32","28",,,,,,,,
"USW00014768","2022-12-20","0.00","0.1","0.0","30","31","23",,,,,,,,
"USW00014768","2022-12-21","0.00","0.0","0.0","28","38","21",,,,,,,,
"USW00014768","2022-12-22","0.29","0.0","0.0","32","41","26",,"    1",,,,,,
"USW00014768","2022-12-23","0.70","1.0","0.0","30","41","5",,"    1",,,,,,"    1"
"USW00014768","2022-12-24","0.01","0.1","1.2","8","14","5",,,,,,,,"    1"
"USW00014768","2022-12-25","0.02","0.6","1.2","16","21","12",,"    1",,,,,,"    1"
"USW00014768","2022-12-26","0.00","0.0","1.2","18","23","14",,,,,,,,
"USW00014768","2022-12-27","0.01","0.3","1.2","23","26","20",,"    1",,,,,,
"USW00014768","2022-12-28","0.00","0.0","1.2","32","44","25",,,,,,,,
"USW00014768","2022-12-29","0.00","0.0","0.0","44","53","37",,,,,,,,
"USW00014768","2022-12-30","0.00","0.0","0.0","55","62","48",,,,,,,,
"USW00014768","2022-12-31","0.16","0.0","0.0","49","52","41",,"    1",,,,,,
"USW00014768","2023-01-01","0.02","0.0","0.0","41","43","37",,"    1",,,,,,
"USW00014768","2023-01-02","0.00","0.0","0.0","40","44","38",,,,,,,,
"USW00014768","2023-01-03","0.23","0.0","0.0","38","40","38",,"    1",,,,,,
"USW00014768","2023-01-04","0.97","0.0","0.0","39","41","37",,"    1","    1",,,,,
"USW00014768","2023-01-05","0.00","0.0","0.0","41","44","35",,,,,,,,
"USW00014768","2023-01-06","0.02","0.0","0.0","37","40","33",,,,,,,,
"USW00014768","2023-01-07","0.02","0.0","0.0","35","36","26",,"    1",,,,,,
"USW00014768","2023-01-08","0.00","0.0","0.0","29","33","26",,,,,,,,
"USW00014768","2023-01-09","0.00","0.0","0.0","31","37","28",,"    1",,,,,"    1",
"USW00014768","2023-01-10","0.00","0.0","0.0","32","33","26",,"    1",,,,,,
"USW00014768","2023-01-11","0.00","0.0","0.0","27","36","23",,,,,,,,
"USW00014768","2023-01-12","0.59","0.0","0.0","39","45","35",,"    1",,,,,,
"USW00014768","2023-01-13","0.23","2.3","2.0","33","38","24",,"    1",,,,,,
"USW00014768","2023-01-14","0.02","0.8","2.0","22","24","18",,"    1",,,,,"    1",
"USW00014768","2023-01-15","0.00","0.0","3.1","24","27","22",,"    1",,,,,,
"USW00014768","2023-01-16","0.00","0.0","2.0","25","36","19",,,,,,,,
"USW00014768","2023-01-17","0.10","0.0","2.0","32","44","23",,"    1",,,"    1","    1",,
"USW00014768","2023-01-18","0.02","0.0","0.0","40","41","36",,"    1",,,,,,
"USW00014768","2023-01-19","0.28","0.0","0.0","36","41","33",,"    1",,,"    1",,,
"USW00014768","2023-01-20","0.27","0.2","0.0","37","42","30",,"    1",,,,,,
"USW00014768","2023-01-21","0.00","0.2","0.0","31","32","29",,"    1",,,,,,
"USW00014768","2023-01-22","0.07","0.4","0.0","33","36","32",,"    1",,,,,,
"USW00014768","2023-01-23","0.09","0.6","1.2","31","33","30",,"    1",,,,,,
"USW00014768","2023-01-24","0.00","0.1","1.2","33","34","31",,"    1",,,,,,
"USW00014768","2023-01-25","0.48","1.8","1.2","30","34","27",,"    1","    1",,"    1",,,
"USW00014768","2023-01-26","0.00","0.0","2.0","32","38","28",,,,,,,,
"USW00014768","2023-01-27","0.07","1.3","3.1","29","32","26",,"    1",,,,,,
"USW00014768","2023-01-28","0.00","0.0","2.0","34","39","31",,,,,,,,
"USW00014768","2023-01-29","0.03","0.0","2.0","35","42","28",,"    1",,,,,,
"USW00014768","2023-01-30","0.03","0.7","1.2","27","28","26",,"    1",,,,,,
"USW00014768","2023-01-31","0.00","0.2","1.2","23","26","17",,"    1",,,,,,
"USW00014768","2023-02-01","0.00","0.0","1.2","19","24","13",,,,,,,,
"USW00014768","2023-02-02","0.07","1.5","1.2","25","36","20",,"    1","    1",,,,,"    1"
"USW00014768","2023-02-03","0.06","1.7","2.0","13","20","-1",,"    1",,,,,,"    1"
"USW00014768","2023-02-04","0.02","0.1","3.1","5","29","-8",,,,,,,,"    1"
"USW00014768","2023-02-05","0.01","0.0","3.1","35","45","29",,,,,,,,
"USW00014768","2023-02-06","0.00","0.0","0.0","35","37","24",,,,,,,,
"USW00014768","2023-02-07","0.00","0.0","0.0","33","51","21",,,,,,,,
"USW00014768","2023-02-08","0.00","0.0","0.0","40","45","29",,,,,,,,
"USW00014768","2023-02-09","0.90","0.0","0.0","37","55","27",,"    1",,,,,,
"USW00014768","2023-02-10","0.02","0.0","0.0","42","46","31",,"    1",,,"    1",,,
"USW00014768","2023-02-11","0.00","0.0","0.0","31","34","27",,"    1",,,,,,
"USW00014768","2023-02-12","0.00","0.0","0.0","35","48","25",,,,,,,,
"USW00014768","2023-02-13","0.00","0.0","0.0","34","50","23",,"    1",,,,,,
"USW00014768","2023-02-14","0.00","0.0","0.0","39","51","26",,,,,,,,
"USW00014768","2023-02-15","0.00","0.0","0.0","53","67","43",,,,,,,,
"USW00014768","2023-02-16","0.00","0.0","0.0","43","46","36",,"    1",,,,,,
"USW00014768","2023-02-17","0.10","0.4","0.0","31","38","21",,"    1",,,"    1","    1",,
"USW00014768","2023-02-18","0.00","0.0","0.0","27","41","17",,,,,,,,
"USW00014768","2023-02-19","0.00","0.0","0.0","38","56","27",,,,,,,,
"USW00014768","2023-02-20","0.00","0.0","0.0","41","45","29",,,,,,,,
"USW00014768","2023-02-21","0.04","0.0","0.0","34","47","25",,"    1",,,,,,
"USW00014768","2023-02-22","0.60","1.8","0.0","31","33","27",,"    1",,,"    1","    1",,
"USW00014768","2023-02-23","0.24","1.0","3.1","27","31","23",,"    1",,,"    1","    1",,
"USW00014768","2023-02-24","0.06","2.0","2.0","24","29","17",,"    1",,,,,,"    1"
"USW00014768","2023-02-25","0.04","1.0","3.1","21","25","17",,"    1",,,,,"    1",
"USW00014768","2023-02-26","0.00","0.0","3.9","29","37","19",,"    1",,,,,"    1",
"USW00014768","2023-02-27","0.31","2.4","3.1","32","36","22",,"    1","    1",,"    1",,,
"USW00014768","2023-02-28","0.11","0.1","3.9","34","37","30",,"    1",,,,,,
"USW00014768","2023-03-01","0.00","0.0","3.1","35","46","29",,,,,,,,
"USW00014768","2023-03-02","0.00","0.0","2.0","36","38","28",,,,,,,,
"USW00014768","2023-03-03","0.57","2.7","1.2","32","40","24",,"    1","    1","    1","    1",,,
"USW00014768","2023-03-04","0.38","3.7","3.1","33","35","32",,"    1",,,,,,
"USW00014768","2023-03-05","0.00","0.0","5.1","36","41","32",,"    1",,,,,,
"USW00014768","2023-03-06","0.00","0.0","3.1","33","40","27",,"    1",,,,,,
"USW00014768","2023-03-07","0.00","0.0","2.0","32","36","29",,,,,,,,
"USW00014768","2023-03-08","0.00","0.0","2.0","31","34","29",,,,,,,,
"USW00014768","2023-03-09","0.00","0.0","2.0","30","36","24",,,,,,,,
"USW00014768","2023-03-10","0.59","6.2","1.2","29","33","24",,"    1","    1",,,,,"    1"
"USW00014768","2023-03-11","0.04","0.6","5.9","29","33","21",,,,,,,,"    1"
"USW00014768","2023-03-12","0.02","0.4","5.9","27","35","18",,"    1",,,,,,
"USW00014768","2023-03-13","0.07","0.8","3.9","34","37","31",,"    1",,,,,,
"USW00014768","2023-03-14","0.07","2.7","3.9","29","31","25",,"    1",,,,,,"    1"
"USW00014768","2023-03-15","0.00","0.0","5.1","29","37","23",,,,,,,,
"USW00014768","2023-03-16","0.00","0.0","3.1","39","51","31",,,,,,,,
"USW00014768","2023-03-17","0.42","0.0","2.0","44","53","35",,"    1",,,,,,
"USW00014768","2023-03-18","0.04","0.8","0.0","35","38","21",,"    1",,,"    1",,"    1",
"USW00014768","2023-03-19","0.08","1.6","1.2","25","32","21",,"    1",,,,,,"    1"
"USW00014768","2023-03-20","0.00","0.0","0.0","35","47","28",,,,,,,,
"USW00014768","2023-03-21","0.00","0.0","0.0","42","54","32",,,,,,,,
"USW00014768","2023-03-22","0.00","0.0","0.0","43","59","32",,,,,,,,
"USW00014768","2023-03-23","0.21","0.0","0.0","49","52","35",,"    1",,,,,,
"USW00014768","2023-03-24","0.00","0.0","0.0","37","44","31",,,,,,,,
"USW00014768","2023-03-25","0.58","0.0","0.0","37","48","30",,"    1",,,,,,
"USW00014768","2023-03-26","0.00","0.0","0.0","42","50","34",,"    1",,,,,,
"USW00014768","2023-03-27","0.10","0.0","0.0","37","43","29",,"    1",,,,,"    1",
"USW00014768","2023-03-28","0.01","0.0","0.0","37","46","30",,"    1",,,,,,
"USW00014768","2023-03-29","0.02","1.0","1.2","38","52","26",,"    1","    1",,,,,
"USW00014768","2023-03-30","0.00","0.0","1.2","29","39","21",,,,,,,,
"USW00014768","2023-03-31","0.07","0.0","0.0","36","51","26",,"    1",,,,,,
"USW00014768","2023-04-01","0.71","0.0","0.0",,"67","33",,"    1",,"    1",,,,
"USW00014768","2023-04-02","0.00","0.0","0.0",,"39","25",,,,,,,,
"USW00014768","2023-04-03","0.03","0.0","0.0",,"67","31",,,,,,,,
"USW00014768","2023-04-04","0.43","0.0","0.0",,"52","42",,"    1",,,,,,
"USW00014768","2023-04-05","0.66","0.0","0.0",,"79","39",,"    1",,"    1",,,,
"USW00014768","2023-04-06","0.00","0.0","0.0",,"63","39",,,,,,,,
"USW00014768","2023-04-07","0.00","0.0","0.0",,"43","31",,,,,,,,
"USW00014768","2023-04-08","0.00","0.0","0.0",,"46","26",,,,,,,,
"USW00014768","2023-04-09","0.00","0.0","0.0",,"52","27",,,,,,,,
"USW00014768","2023-04-10","0.00","0.0","0.0",,"67","33",,,,,,,,
"USW00014768","2023-04-11","0.00","0.0","0.0",,"71","43",,,,,,,,
"USW00014768","2023-04-12","0.00","0.0","0.0",,"77","52",,,,,,,,
"USW00014768","2023-04-13","0.00","0.0","0.0",,"81","59",,,,,,,,
"USW00014768","2023-04-14","0.00","0.0","0.0",,"84","52",,,,,,,,
"USW00014768","2023-04-15","0.00","0.0","0.0",,"77","53",,,,,,,,
"USW00014768","2023-04-16","0.05","0.0","0.0",,"82","48",,"    1",,,,,,
"USW00014768","2023-04-17","0.19","0.0","0.0",,"54","37","0.0","    1",,,,,,
"USW00014768","2023-04-18","0.02","0.0","0.0",,"44","35",,"    1",,,,,"    1",
"USW00014768","2023-04-19","0.00","0.0","0.0",,"48","36",,,,,"    1",,,
"USW00014768","2023-04-20","0.01","0.0","0.0",,"57","39",,,,,"    1",,,
"USW00014768","2023-04-21","0.00","0.0","0.0",,"83","43",,,,,,,,
"USW00014768","2023-04-22","0.22","0.0","0.0",,"72","44",,"    1",,,,,,
"USW00014768","2023-04-23","0.00","0.0","0.0",,"52","39",,,,,,,,
"USW00014768","2023-04-24","0.01","0.0","0.0",,"49","35",,,,,"    1",,,
"USW00014768","2023-04-25","0.07","0.0","0.0",,"49","35",,,,,,,,
"USW00014768","2023-04-26","0.15","0.0","0.0",,"52","34",,"    1",,,,,,
"USW00014768","2023-04-27","0.00","0.0","0.0",,"56","31",,"    1",,,,,,
"USW00014768","2023-04-28","0.15","0.0","0.0",,"62","41",,,,,,,,
"USW00014768","2023-04-29","0.14","0.0","0.0",,"61","44",,"    1",,,,,,
"USW00014768","2023-04-30","0.50","0.0","0.0",,"56","45",,"    1",,,,,,
"USW00014768","2023-05-01","0.16","0.0","0.0","47","52","40",,"    1",,,"    1",,,
"USW00014768","2023-05-02","0.13","0.0","0.0","43","48","38",,"    1",,,,,,
"USW00014768","2023-05-03","0.22","0.0","0.0","41","47","37",,"    1",,,,,,
"USW00014768","2023-05-04","0.07","0.0","0.0","47","53","42",,"    1",,,,,,
"USW00014768","2023-05-05","0.00","0.0","0.0","48","58","39",,"    1",,,,,,
"USW00014768","2023-05-06","0.00","0.0","0.0","52","67","38",,"    1",,,,,,
"USW00014768","2023-05-07","0.12","0.0","0.0","55","72","43",,"    1",,,,,,
"USW00014768","2023-05-08","0.00","0.0","0.0","55","66","45",,,,,,,,
"USW00014768","2023-05-09","0.00","0.0","0.0","54","60","43",,,,,,,"    1",
"USW00014768","2023-05-10","0.00","0.0","0.0","54","70","39",,,,,,,,
"USW00014768","2023-05-11","0.00","0.0","0.0","61","77","46",,,,,,,,
"USW00014768","2023-05-12","0.00","0.0","0.0","67","82","52",,,,,,,,
"USW00014768","2023-05-13","0.00","0.0","0.0","66","72","52",,,,,,,,
"USW00014768","2023-05-14","0.00","0.0","0.0","55","60","44",,,,,,,,
"USW00014768","2023-05-15","0.00","0.0","0.0","54","70","38",,,,,,,"    1",
"USW00014768","2023-05-16","0.00","0.0","0.0","60","73","45",,,,,,,,
"USW00014768","2023-05-17","0.00","0.0","0.0","45","50","36",,,,,,,,
"USW00014768","2023-05-18","0.00","0.0","0.0","46","63","32",,,,,,,,
"USW00014768","2023-05-19","0.05","0.0","0.0","59","76","44",,"    1",,,,,,
"USW00014768","2023-05-20","0.64","0.0","0.0","62","66","51",,"    1",,,,,,
"USW00014768","2023-05-21","0.00","0.0","0.0","60","73","52",,,,,,,,
"USW00014768","2023-05-22","0.00","0.0","0.0","56","63","47",,,,,,,,
"USW00014768","2023-05-23","0.00","0.0","0.0","59","79","43",,,,,,,,
"USW00014768","2023-05-24","0.00","0.0","0.0","60","68","44",,"    1",,,,,,
"USW00014768","2023-05-25","0.00","0.0","0.0","49","59","37",,,,,,,,
"USW00014768","2023-05-26","0.00","0.0","0.0","53","68","37",,,,,,,,
"USW00014768","2023-05-27","0.00","0.0","0.0","59","75","42",,,,,,,,
"USW00014768","2023-05-28","0.00","0.0","0.0","64","79","47",,,,,,,,
"USW00014768","2023-05-29","0.00","0.0","0.0","65","79","49",,,,,,,,
"USW00014768","2023-05-30","0.00","0.0","0.0","68","83","52",,,,,,,,
"USW00014768","2023-05-31","0.00","0.0","0.0","73","85","60",,,,,,,,
"USW00014768","2023-06-01","0.00","0.0","0.0","72","87","54",,"    1",,,,,,
"USW00014768","2023-06-02","0.00","0.0","0.0","73","89","57",,,,,,,,
"USW00014768","2023-06-03","0.00","0.0","0.0","66","70","57",,,,,,,,
"USW00014768","2023-06-04","0.00","0.0","0.0","61","69","49",,,,,,,,
"USW00014768","2023-06-05","0.00","0.0","0.0","60","73","47",,,,,,,"    1",
"USW00014768","2023-06-06","0.00","0.0","0.0","62","70","50",,"    1",,,,,"    1",
"USW00014768","2023-06-07","0.00","0.0","0.0","59","69","47",,"    1",,,,,"    1",
"USW00014768","2023-06-08","0.00","0.0","0.0","58","64","53",,,,,,,"    1",
"USW00014768","2023-06-09","0.00","0.0","0.0","59","68","50",,"    1",,,,,,
"USW00014768","2023-06-10","0.02","0.0","0.0","63","77","54",,"    1",,,,,,
"USW00014768","2023-06-11","0.00","0.0","0.0","66","77","56",,,,,,,,
"USW00014768","2023-06-12","1.07","0.0","0.0","65","70","57",,"    1",,,,,,
"USW00014768","2023-06-13","0.03","0.0","0.0","61","70","52",,"    1",,,,,,
"USW00014768","2023-06-14","0.16","0.0","0.0","58","59","55",,"    1",,,,,,
"USW00014768","2023-06-15","0.00","0.0","0.0","63","74","58",,,,,,,,
"USW00014768","2023-06-16","0.36","0.0","0.0","62","65","58",,"    1",,,,,,
"USW00014768","2023-06-17","0.00","0.0","0.0","64","75","52",,"    1",,,,,,
"USW00014768","2023-06-18","0.00","0.0","0.0","65","76","51",,,,,,,,
"USW00014768","2023-06-19","0.00","0.0","0.0","67","79","54",,,,,,,,
"USW00014768","2023-06-20","0.00","0.0","0.0","71","79","62",,,,,,,,
"USW00014768","2023-06-21","0.00","0.0","0.0","71","82","57",,,,,,,,
"USW00014768","2023-06-22","0.00","0.0","0.0","69","78","59",,,,,,,,
"USW00014768","2023-06-23","0.00","0.0","0.0","72","79","69",,,,,,,,
"USW00014768","2023-06-24","0.01","0.0","0.0","71","79","66",,"    1",,"    1",,,,
"USW00014768","2023-06-25","0.50","0.0","0.0","72","84","63",,"    1",,"    1",,,"    1",
"USW00014768","2023-06-26","0.24","0.0","0.0","72","85","67",,"    1",,"    1",,,,
"USW00014768","2023-06-27","0.12","0.0","0.0","70","79","63",,"    1",,,,,"    1",
"USW00014768","2023-06-28","0.04","0.0","0.0","65","71","59",,"    1",,,,,"    1",
"USW00014768","2023-06-29","0.00","0.0","0.0","66","78","55",,,,,,,"    1",
"USW00014768","2023-06-30","0.00","0.0","0.0","70","82","60",,"    1",,,,,"    1",
"USW00014768","2023-07-01","0.66","0.0","0.0","74","86","68",,"    1",,"    1",,,"    1",
"USW00014768","2023-07-02","0.69","0.0","0.0","72","77","68",,"    1",,,,,,
"USW00014768","2023-07-03","0.72","0.0","0.0","70","75","64",,"    1",,"    1",,,,
"USW00014768","2023-07-04","0.00","0.0","0.0","72","86","61",,"    1","    1",,,,"    1",
"USW00014768","2023-07-05","0.00","0.0","0.0","77","87","66",,"    1",,,,,,
"USW00014768","2023-07-06","0.00","0.0","0.0","79","91","67",,"    1",,,,,,
"USW00014768","2023-07-07","0.44","0.0","0.0","75","80","64",,"    1",,"    1",,,,
"USW00014768","2023-07-08","0.00","0.0","0.0","69","80","58",,,,,,,,
"USW00014768","2023-07-09","0.00","0.0","0.0","71","78","65",,,,,,,,
"USW00014768","2023-07-10","0.00","0.0","0.0","70","78","64",,,,,,,,
"USW00014768","2023-07-11","0.00","0.0","0.0","73","85","62",,,,,,,,
"USW00014768","2023-07-12","0.12","0.0","0.0","73","80","66",,"    1",,,,,,
"USW00014768","2023-07-13","0.25","0.0","0.0","72","82","65",,"    1",,"    1",,,,
"USW00014768","2023-07-14","0.00","0.0","0.0","70","81","60",,,,,,,,
"USW00014768","2023-07-15","0.00","0.0","0.0","72","87","61",,,,"    1",,,,
"USW00014768","2023-07-16","0.73","0.0","0.0","72","81","67",,"    1",,"    1",,,"    1",
"USW00014768","2023-07-17","0.00","0.0","0.0","74","83","65",,,,,,,"    1",
"USW00014768","2023-07-18","0.08","0.0","0.0","71","78","63",,"    1",,"    1",,,"    1",
"USW00014768","2023-07-19","0.00","0.0","0.0","69","79","58",,,,,,,,
"USW00014768","2023-07-20","0.27","0.0","0.0","71","84","59",,"    1",,"    1",,,,
"USW00014768","2023-07-21","0.08","0.0","0.0","69","77","62",,"    1",,,,,,
"USW00014768","2023-07-22","0.00","0.0","0.0","70","81","58",,,,,,,"    1",
"USW00014768","2023-07-23","0.31","0.0","0.0","70","81","59",,,,"    1",,,,
"USW00014768","2023-07-24","0.83","0.0","0.0","69","81","60",,"    1",,"    1",,,,
"USW00014768","2023-07-25","0.73","0.0","0.0","70","79","61",,"    1","    1","    1",,,,
"USW00014768","2023-07-26","0.00","0.0","0.0","74","87","63",,,,,,,,
"USW00014768","2023-07-27","0.41","0.0","0.0","76","80","70",,"    1",,"    1",,,,
"USW00014768","2023-07-28","0.00","0.0","0.0","77","89","67",,"    1",,,,,,
"USW00014768","2023-07-29","0.40","0.0","0.0","72","76","57",,"    1",,"    1",,,,
"USW00014768","2023-07-30","0.00","0.0","0.0","65","76","56",,,,"    1",,,,
"USW00014768","2023-07-31","0.09","0.0","0.0","66","73","56",,,,,,,,
"USW00014768","2023-08-01","0.00","0.0","0.0","65","75","53",,,,,,,,
"USW00014768","2023-08-02","0.00","0.0","0.0","66","78","54",,,,,,,,
"USW00014768","2023-08-03","0.24","0.0","0.0","72","84","62",,"    1",,,,,,
"USW00014768","2023-08-04","0.00","0.0","0.0","73","80","64",,"    1",,,,,"    1",
"USW00014768","2023-08-05","0.00","0.0","0.0","69","75","57",,"    1",,,,,"    1",
"USW00014768","2023-08-06","0.00","0.0","0.0","67","81","53",,,,,,,,
"USW00014768","2023-08-07","0.35","0.0","0.0","74","85","68",,"    1",,"    1",,,,
"USW00014768","2023-08-08","0.03","0.0","0.0","67","72","63",,"    1",,,,,,
"USW00014768","2023-08-09","0.00","0.0","0.0","70","82","57",,,,,,,,
"USW00014768","2023-08-10","0.10","0.0","0.0","69","80","63",,"    1",,"    1",,,,
"USW00014768","2023-08-11","0.00","0.0","0.0","68","77","62",,,,,,,,
"USW00014768","2023-08-12","0.00","0.0","0.0","70","83","61",,,,"    1",,,,
"USW00014768","2023-08-13","0.00","0.0","0.0","71","79","62",,,,,,,,
"USW00014768","2023-08-14","0.00","0.0","0.0","68","74","62",,,,,,,,
"USW00014768","2023-08-15","1.00","0.0","0.0","69","74","65",,"    1",,,,,,
"USW00014768","2023-08-16","2.17","0.0","0.0","71","80","65",,"    1",,"    1",,,,
"USW00014768","2023-08-17","0.00","0.0","0.0","71","81","62",,,,,,,,
"USW00014768","2023-08-18","0.01","0.0","0.0","66","68","61",,,,,,,,
"USW00014768","2023-08-19","0.00","0.0","0.0","65","75","55",,,,,,,,
"USW00014768","2023-08-20","0.00","0.0","0.0","67","84","56",,,,,,,,
"USW00014768","2023-08-21","0.00","0.0","0.0","71","74","61",,,,,,,,
"USW00014768","2023-08-22","0.00","0.0","0.0","66","74","55",,,,,,,,
"USW00014768","2023-08-23","0.00","0.0","0.0","65","75","58",,,,,,,,
"USW00014768","2023-08-24","1.47","0.0","0.0","70","75","67",,"    1",,"    1",,,"    1",
"USW00014768","2023-08-25","0.04","0.0","0.0","73","76","70",,"    1",,,,,,
"USW00014768","2023-08-26","0.02","0.0","0.0","72","80","62",,"    1",,,,,,
"USW00014768","2023-08-27","0.00","0.0","0.0","65","71","55",,,,,,,,
"USW00014768","2023-08-28","0.00","0.0","0.0","63","78","51",,,,,,,,
"USW00014768","2023-08-29","0.01","0.0","0.0","70","82","62",,,,,,,,
"USW00014768","2023-08-30","0.00","0.0","0.0","66","69","62",,,,,,,,
"USW00014768","2023-08-31","0.00","0.0","0.0","63","71","51",,,,,,,,
"USW00014768","2023-09-01","0.00","0.0","0.0","62","77","50",,,,,,,,
"USW00014768","2023-09-02","0.00","0.0","0.0","67","82","56",,,,,,,,
"USW00014768","2023-09-03","0.00","0.0","0.0","74","87","62",,,,,,,,
"USW00014768","2023-09-04","0.00","0.0","0.0","80","89","72",,,,,,,,
"USW00014768","2023-09-05","0.00","0.0","0.0","79","91","68",,,,,,,,
"USW00014768","2023-09-06","0.09","0.0","0.0","79","92","68",,,,"    1",,,,
"USW00014768","2023-09-07","0.35","0.0","0.0","75","83","69",,"    1",,"    1",,,,
"USW00014768","2023-09-08","0.00","0.0","0.0","70","74","65",,,,,,,,
"USW00014768","2023-09-09","0.12","0.0","0.0","65","67","63",,"    1",,,,,,
"USW00014768","2023-09-10","0.00","0.0","0.0","67","71","62",,"    1",,,,,,
"USW00014768","2023-09-11","0.00","0.0","0.0","67","74","58",,,,,,,,
"USW00014768","2023-09-12","0.05","0.0","0.0","65","77","56",,,,,,,,
"USW00014768","2023-09-13","0.00","0.0","0.0","65","69","53",,,,,,,,
"USW00014768","2023-09-14","0.00","0.0","0.0","58","66","48",,,,,,,,
"USW00014768","2023-09-15","0.00","0.0","0.0","57","71","45",,,,,,,,
"USW00014768","2023-09-16","0.00","0.0","0.0","58","73","45",,,,,,,,
"USW00014768","2023-09-17","0.00","0.0","0.0","60","75","51",,,,,,,,
"USW00014768","2023-09-18","0.70","0.0","0.0","62","70","54",,"    1",,"    1",,,,
"USW00014768","2023-09-19","0.00","0.0","0.0","60","68","51",,,,,,,,
"USW00014768","2023-09-20","0.00","0.0","0.0","57","68","45",,"    1",,,,,,
"USW00014768","2023-09-21","0.00","0.0","0.0","56","73","45",,,,,,,,
"USW00014768","2023-09-22","0.00","0.0","0.0","58","74","45",,,,,,,,
"USW00014768","2023-09-23","0.00","0.0","0.0","60","70","52",,,,,,,,
"USW00014768","2023-09-24","0.06","0.0","0.0","59","62","56",,"    1",,,,,"    1",
"USW00014768","2023-09-25","0.00","0.0","0.0","62","68","57",,,,,,,,
"USW00014768","2023-09-26","0.00","0.0","0.0","60","68","51",,,,,,,,
"USW00014768","2023-09-27","0.00","0.0","0.0","58","70","49",,,,,,,,
"USW00014768","2023-09-28","0.00","0.0","0.0","58","69","48",,,,,,,,
"USW00014768","2023-09-29","0.00","0.0","0.0","63","73","57",,,,,,,,
"USW00014768","2023-09-30","0.00","0.0","0.0","63","74","52",,"    1","    1",,,,,
"USW00014768","2023-10-01","0.00","0.0","0.0","63","79","51",,"    1",,,,,,
"USW00014768","2023-10-02","0.00","0.0","0.0","66","81","55",,"    1",,,,,,
"USW00014768","2023-10-03","0.00","0.0","0.0","69","86","59",,,,,,,,
"USW00014768","2023-10-04","0.00","0.0","0.0","71","87","60",,"    1",,,,,,
"USW00014768","2023-10-05","0.00","0.0","0.0","72","85","60",,,,,,,,
"USW00014768","2023-10-06","0.12","0.0","0.0","69","74","57",,"    1",,,,,,
"USW00014768","2023-10-07","0.04","0.0","0.0","59","61","44",,"    1",,,,,,
"USW00014768","2023-10-08","0.02","0.0","0.0","50","57","46",,,,,,,,
"USW00014768","2023-10-09","0.01","0.0","0.0","49","57","45",,,,,,,,
"USW00014768","2023-10-10","0.03","0.0","0.0","50","54","47",,,,,,,,
"USW00014768","2023-10-11","0.00","0.0","0.0","51","58","47",,"    1",,,,,,
"USW00014768","2023-10-12","0.00","0.0","0.0","53","62","44",,,,,,,,
"USW00014768","2023-10-13","0.00","0.0","0.0","47","60","36",,,,,,,,
"USW00014768","2023-10-14","0.12","0.0","0.0","49","54","46",,"    1",,,,,,
"USW00014768","2023-10-15","0.32","0.0","0.0","51","53","47",,"    1",,,,,,
"USW00014768","2023-10-16","0.33","0.0","0.0","51","55","49",,"    1",,,,,,
"USW00014768","2023-10-17","0.01","0.0","0.0","51","56","45",,"    1",,,,,,
"USW00014768","2023-10-18","0.00","0.0","0.0","51","57","41",,,,,,,,
"USW00014768","2023-10-19","0.00","0.0","0.0","50","65","39",,,,,,,,
"USW00014768","2023-10-20","0.00","0.0","0.0","59","63","49",,,,,,,,
"USW00014768","2023-10-21","0.03","0.0","0.0","52","53","48",,"    1",,,,,,
"USW00014768","2023-10-22","0.01","0.0","0.0","47","50","43",,,,,,,,
"USW00014768","2023-10-23","0.00","0.0","0.0","45","57","34",,,,,,,,
"USW00014768","2023-10-24","0.00","0.0","0.0","54","73","43",,,,,,,,
"USW00014768","2023-10-25","0.01","0.0","0.0","67","76","59",,,,,,,,
"USW00014768","2023-10-26","0.13","0.0","0.0","63","74","57",,"    1",,,,,,
"USW00014768","2023-10-27","0.00","0.0","0.0","67","78","61",,,,,,,,
"USW00014768","2023-10-28","0.12","0.0","0.0","61","69","43",,"    1",,,,,,
"USW00014768","2023-10-29","0.10","0.0","0.0","46","48","43",,"    1",,,,,,
"USW00014768","2023-10-30","0.40","0.0","0.0","45","46","36",,"    1",,,,,,
"USW00014768","2023-10-31","0.03","0.2","0.0","39","47","32",,"    1",,,,,,
"USW00014768","2023-11-01","0.06","0.0","0.0","35","42","29",,"    1",,,,,,
"USW00014768","2023-11-02","0.00","0.0","0.0","38","48","31",,,,,,,,
"USW00014768","2023-11-03","0.00","0.0","0.0","49","62","43",,,,,,,,
"USW00014768","2023-11-04","0.01","0.0","0.0","53","58","46",,"    1",,,,,,
"USW00014768","2023-11-05","0.01","0.0","0.0","47","51","37",,"    1",,,,,,
"USW00014768","2023-11-06","0.04","0.0","0.0","44","58","35",,,,,,,,
"USW00014768","2023-11-07","0.00","0.0","0.0","54","60","37",,,,,,,,
"USW00014768","2023-11-08","0.25","0.0","0.0","37","38","32",,"    1",,"    1","    1",,,
"USW00014768","2023-11-09","0.27","0.0","0.0","42","50","36",,"    1",,"    1",,,,
"USW00014768","2023-11-10","0.00","0.0","0.0","44","52","39",,,,,,,,
"USW00014768","2023-11-11","0.00","0.0","0.0","40","42","37",,,,,,,,
"USW00014768","2023-11-12","0.00","0.0","0.0","38","44","31",,,,,,,,
"USW00014768","2023-11-13","0.00","0.0","0.0","38","56","26",,,,,,,,
"USW00014768","2023-11-14","0.00","0.0","0.0","45","47","31",,,,,,,,
"USW00014768","2023-11-15","0.00","0.0","0.0","42","61","31",,,,,,,,
"USW00014768","2023-11-16","0.00","0.0","0.0","46","61","32",,,,,,,,
"USW00014768","2023-11-17","0.42","0.0","0.0","52","61","39",,"    1",,,,,,
"USW00014768","2023-11-18","0.01","0.0","0.0","41","46","32",,,,,,,,
"USW00014768","2023-11-19","0.01","0.0","0.0","38","49","31",,,,,,,,
"USW00014768","2023-11-20","0.00","0.0","0.0","32","38","24",,,,,,,,
"USW00014768","2023-11-21","1.02","0.0","0.0","33","45","26",,"    1",,,,,,
"USW00014768","2023-11-22","0.14","0.0","0.0","45","50","38",,"    1",,,,,,
"USW00014768","2023-11-23","0.00","0.0","0.0","41","45","39",,,,,,,,
"USW00014768","2023-11-24","0.00","0.1","0.0","34","39","28",,,,,,,,
"USW00014768","2023-11-25","0.00","0.0","0.0","32","38","27",,,,,,,,
"USW00014768","2023-11-26","0.10","0.0","0.0","35","48","26",,,,,,,,
"USW00014768","2023-11-27","0.01","0.2","0.0","39","43","30",,,,,,,,
"USW00014768","2023-11-28","0.14","3.0","0.0","28","32","20",,"    1","    1",,,,"    1","    1"
"USW00014768","2023-11-29","0.01","0.0","2.0","26","32","18",,,,,,,,
"USW00014768","2023-11-30","0.00","0.0","1.2","39","53","31",,,,,,,,
"USW00014768","2023-12-01","0.28","0.0","0.0","46","49","42",,"    1",,,,,,
"USW00014768","2023-12-02","0.10","0.0","0.0","43","46","40",,"    1",,,,,,
"USW00014768","2023-12-03","0.57","0.0","0.0","42","46","40",,"    1","    1","    1",,,,
"USW00014768","2023-12-04","0.02","0.1","0.0","41","44","34",,"    1",,,,,,
"USW00014768","2023-12-05","0.08","0.8","0.0","35","37","32",,"    1",,,,,,
"USW00014768","2023-12-06","0.07","0.6","1.2","32","33","28",,"    1",,,,,,
"USW00014768","2023-12-07","0.10","1.3","2.0","32","37","27",,"    1",,,,,,
"USW00014768","2023-12-08","0.00","0.0","0.0","41","53","36",,,,,,,,
"USW00014768","2023-12-09","0.00","0.0","0.0","54","63","51",,,,,,,,
"USW00014768","2023-12-10","0.14","0.0","0.0","50","56","39",,"    1",,,,,,
"USW00014768","2023-12-11","0.00","0.0","0.0","37","39","34",,"    1",,,,,,
"USW00014768","2023-12-12","0.00","0.0","0.0","38","49","33",,,,,,,,
"USW00014768","2023-12-13","0.03","0.4","0.0","34","38","29",,"    1",,,,,,
"USW00014768","2023-12-14","0.00","0.0","0.0","33","45","24",,,,,,,,
"USW00014768","2023-12-15","0.00","0.0","0.0","45","54","42",,,,,,,,
"USW00014768","2023-12-16","0.00","0.0","0.0","44","48","39",,,,,,,,
"USW00014768","2023-12-17","0.03","0.0","0.0","48","54","47",,"    1",,,,,,
"USW00014768","2023-12-18","0.26","0.0","0.0","46","50","34",,"    1",,,,,"    1",
"USW00014768","2023-12-19","0.09","1.8","1.2","31","34","21",,"    1",,,,,,"    1"
"USW00014768","2023-12-20","0.00","0.0","1.2","29","37","22",,,,,,,,
"USW00014768","2023-12-21","0.00","0.0","0.0","31","36","24",,,,,,,,
"USW00014768","2023-12-22","0.00","0.0","0.0","27","35","22",,,,,,,,
"USW00014768","2023-12-23","0.10","0.0","0.0","36","41","32",,"    1",,,,,,
"USW00014768","2023-12-24","0.04","0.0","0.0","41","43","39",,"    1",,,,,,
"USW00014768","2023-12-25","0.00","0.0","0.0","46","57","40",,"    1",,,,,,
"USW00014768","2023-12-26","0.02","0.0","0.0","45","52","36",,"    1",,,,,,
"USW00014768","2023-12-27","0.57","0.0","0.0","51","52","47",,"    1",,,,,,
"USW00014768","2023-12-28","0.23","0.0","0.0","47","49","42",,"    1","    1",,,,,
"USW00014768","2023-12-29","0.07","0.0","0.0","44","46","38",,"    1",,,,,,
"USW00014768","2023-12-30","0.08","0.0","0.0","37","39","33",,"    1",,,,,,
"USW00014768","2023-12-31","0.03","0.3","0.0","34","36","31",,"    1",,,,,"    1",
"USW00014768","2024-01-01","0.01","0.1","0.0","30","32","28",,"    1",,,,,,
"USW00014768","2024-01-02","0.00","0.0","0.0","32","38","29",,,,,,,,
"USW00014768","2024-01-03","0.03","0.0","0.0","35","36","34",,"    1",,,,,,
"USW00014768","2024-01-04","0.02","0.4","0.0","31","34","23",,"    1",,,,,,
"USW00014768","2024-01-05","0.00","0.1","0.0","28","31","25",,,,,,,,
"USW00014768","2024-01-06","0.24","2.1","0.0","31","33","29",,"    1",,,,,,
"USW00014768","2024-01-07","0.16","3.9","3.9","30","32","29",,"    1",,,,,,
"USW00014768","2024-01-08","0.00","0.0","3.9","33","40","22",,"    1","    1",,,,"    1",
"USW00014768","2024-01-09","0.13","0.2","2.0","37","52","35",,,,,,,,
"USW00014768","2024-01-10","0.04","0.0","0.0","43","52","34",,"    1",,,,,,
"USW00014768","2024-01-11","0.18","0.3","0.0","35","39","33",,"    1",,,,,,
"USW00014768","2024-01-12","0.19","0.0","0.0","37","42","34",,"    1",,,,,,
"USW00014768","2024-01-13","0.34","1.7","0.0","37","41","28",,"    1",,,,,,"    1"
"USW00014768","2024-01-14","0.08","1.7","2.0","25","30","13",,"    1",,,,,,"    1"
"USW00014768","2024-01-15","0.00","0.0","2.0","15","22","9",,,,,,,,
"USW00014768","2024-01-16","0.02","0.3","2.0","19","21","10",,,,,,,,
"USW00014768","2024-01-17","0.03","0.8","2.0","13","20","5",,,,,,,,
"USW00014768","2024-01-18","0.06","2.2","2.0","22","27","19",,"    1",,,,,,
"USW00014768","2024-01-19","0.16","3.5","3.9","22","25","15",,"    1",,,,,"    1","    1"
"USW00014768","2024-01-20","0.19","3.8","5.1","14","18","11",,"    1",,,,,,
"USW00014768","2024-01-21","0.11","3.0","9.1","18","26","14",,,,,,,,
"USW00014768","2024-01-22","0.00","0.0","5.9","24","37","16",,,,,,,,
"USW00014768","2024-01-23","0.20","0.6","5.1","34","35","32",,"    1",,,,,,
"USW00014768","2024-01-24","0.38","0.0","3.9","38","42","34",,"    1","    1",,,,,
"USW00014768","2024-01-25","0.05","0.0","1.2","38","43","36",,"    1","    1",,,,,
"USW00014768","2024-01-26","1.16","0.0","0.0","38","42","36",,"    1",,,,,,
"USW00014768","2024-01-27","0.00","0.0","0.0","38","43","36",,"    1","    1",,,,,
"USW00014768","2024-01-28","0.35","0.4","0.0","38","40","33",,"    1",,,,,,
"USW00014768","2024-01-29","0.05","0.5","1.2","33","34","27",,"    1",,,,,,
"USW00014768","2024-01-30","0.00","0.0","1.2","31","35","25",,"    1",,,,,,
"USW00014768","2024-01-31","0.00","0.0","0.0","35","43","28",,"    1",,,,,"    1",
"USW00014768","2024-02-01","0.00","0.0","0.0","39","40","37",,"    1",,,,,,
"USW00014768","2024-02-02","0.04","0.0","0.0","37","38","33",,"    1",,,,,,
"USW00014768","2024-02-03","0.00","0.0","0.0","33","38","25",,,,,,,,
"USW00014768","2024-02-04","0.00","0.0","0.0","30","42","23",,"    1",,,,,"    1",
